name,surname,email,sex,date-of-birth,job,age
Andrew,Douglas,brandonchavez@example.net,Female,1983-07-08,Physiotherapist,40
Steven,Johnson,davidpope@example.org,Female,1979-01-15,Land/geomatics surveyor,44
Claudia,Cochran,evelyn41@example.com,Female,1978-01-07,Armed forces operational officer,45
Patricia,Hansen,bcortez@example.net,Male,1970-07-16,Photographer,53
Michael,Williams,elizabethperez@example.org,Male,2000-09-10,"Engineer, structural",23
Alison,Blevins,regina86@example.org,Female,1965-04-09,Heritage manager,58
Andrew,Joseph,qhamilton@example.com,Male,1999-09-29,Risk analyst,24
Raymond,Hooper,hmcconnell@example.com,Male,1987-05-08,Medical illustrator,36
Michaela,Brown,felicia09@example.org,Male,1990-09-20,Advice worker,33
Natalie,Sparks,kyle26@example.org,Male,1971-01-26,Field trials officer,52
Julie,Lawrence,moorejohn@example.net,Male,1998-03-17,Insurance broker,25
Julie,Thomas,pdavis@example.net,Male,1987-05-07,Historic buildings inspector/conservation officer,36
Justin,Boyer,enelson@example.net,Male,1988-10-11,"Therapist, speech and language",35
Carolyn,Wilson,leah12@example.org,Male,1978-11-08,Museum/gallery curator,45
Jerry,Jones,oscott@example.org,Female,1995-04-24,"Scientist, research (medical)",28
Lee,Sanford,andrewrodriguez@example.org,Male,1998-12-27,Recycling officer,24
Rachel,Hawkins,spencepaula@example.org,Male,2003-08-19,"Nurse, mental health",20
Tyler,Brewer,fmoran@example.org,Male,1995-11-18,Research scientist (physical sciences),28
Jeffrey,Smith,hallnicole@example.org,Male,1999-01-05,"Engineer, energy",24
William,Young,jamesrichard@example.org,Female,1966-09-09,Soil scientist,57
Lacey,Meyer,xadams@example.com,Female,1963-09-18,"Engineer, automotive",60
Mikayla,Oconnell,zmorgan@example.org,Female,1994-04-12,Film/video editor,29
Dale,White,sharon86@example.net,Female,1999-11-07,Public librarian,24
Megan,Cannon,vsmith@example.net,Female,1969-02-12,Video editor,54
Jennifer,Franco,zgonzalez@example.com,Female,1964-02-07,"Engineer, maintenance",59
Elizabeth,Romero,scott58@example.net,Female,1981-04-02,Haematologist,42
Dawn,Jackson,rgeorge@example.com,Female,1993-09-05,Passenger transport manager,30
Michael,Garrett,april09@example.com,Male,1970-08-02,Curator,53
Joshua,Brooks,vfisher@example.net,Female,1970-01-12,Lawyer,53
Kyle,Wilson,gutierrezcaleb@example.org,Female,1991-03-13,Quarry manager,32
Maria,Bonilla,jwilliams@example.com,Male,2005-10-06,Product/process development scientist,18
Craig,Murphy,clawrence@example.net,Female,1996-05-28,"Investment banker, operational",27
Rachel,Lynch,gordondaniel@example.com,Female,1964-12-21,Field seismologist,58
Barbara,Wilson,derekbell@example.org,Male,1999-03-04,Bookseller,24
Nicole,Bennett,gonzalezheidi@example.net,Female,1998-11-19,"Merchandiser, retail",25
Tyler,Smith,davidlam@example.com,Female,1983-06-15,Gaffer,40
Sheila,Jackson,samuelharris@example.org,Male,1997-06-12,Financial risk analyst,26
Amy,Briggs,ashleylynn@example.com,Female,1973-12-26,"Scientist, water quality",49
Bradley,Harris,vaughnjohn@example.com,Male,1971-02-15,Immigration officer,52
Christopher,Ramirez,ashleywright@example.com,Male,1988-09-28,Building control surveyor,35
Lisa,Irwin,roberto20@example.net,Female,1976-12-17,Chief Technology Officer,46
Douglas,Andrade,wweeks@example.com,Male,1976-01-28,Corporate treasurer,47
Elizabeth,Taylor,george30@example.com,Male,1963-12-20,"Therapist, occupational",59
Anna,Dunlap,owilliams@example.net,Female,1992-09-30,Pension scheme manager,31
Erica,Khan,vangtheresa@example.com,Female,1986-12-12,Information systems manager,36
Jennifer,Trujillo,melanie32@example.org,Male,2000-03-05,"Education officer, community",23
Michael,Rodriguez,nrodriguez@example.org,Male,2004-09-11,Ambulance person,19
Stephen,Miller,nicoleparker@example.org,Male,1994-01-09,Data scientist,29
James,Nguyen,john77@example.org,Male,2005-09-06,Tourism officer,18
Ronald,Mendez,santoswilliam@example.net,Female,1975-01-29,Structural engineer,48
Mary,Lucas,umiller@example.com,Male,1989-11-04,Paediatric nurse,34
Ricky,Tucker,reedconnie@example.net,Male,1988-02-21,Marine scientist,35
Terri,Burns,karen39@example.net,Male,1966-02-04,Futures trader,57
Rebecca,Vazquez,thompsondebbie@example.org,Female,2005-10-02,Call centre manager,18
Nicholas,Park,david28@example.com,Male,1972-02-16,Patent examiner,51
Sandra,Mayer,coxgary@example.net,Female,1983-04-29,"Research officer, political party",40
Daniel,Rasmussen,stokesandrea@example.net,Female,1991-02-24,Research scientist (life sciences),32
Jessica,White,jaclyn36@example.com,Male,1972-03-21,Broadcast engineer,51
Amy,Garza,katherine30@example.org,Male,1966-06-30,"Designer, jewellery",57
Andrew,Short,darrell51@example.org,Female,1969-07-28,Exhibition designer,54
